<application>
  <component name="ProjectManager">
    <defaultProject>
      <component name="PropertiesComponent"><![CDATA[{
  "keyToString": {
    "last_opened_file_path": "C:/cygwin64/home/Luca/.ssh/id_rsa",
    "settings.editor.selected.configurable": "vcs.Subversion.SSH"
  }
}]]></component>
      <component name="SvnConfiguration">
        <configuration>C:\Users\Luca\AppData\Roaming\Subversion</configuration>
        <option name="sshConnectionType" value="PRIVATE_KEY" />
        <option name="sshPrivateKeyPath" value="C:\cygwin64\home\Luca\.ssh\id_rsa" />
      </component>
      <component name="WindowStateProjectService">
        <state x="740" y="264" key="FileChooserDialogImpl" timestamp="1676902919668">
          <screen x="0" y="0" width="1920" height="1040" />
        </state>
        <state x="740" y="264" key="FileChooserDialogImpl/0.0.1920.1040" timestamp="1676902919668" />
        <state x="461" y="162" key="SettingsEditor" timestamp="1676902935230">
          <screen x="0" y="0" width="1920" height="1040" />
        </state>
        <state x="461" y="162" key="SettingsEditor/0.0.1920.1040" timestamp="1676902935230" />
      </component>
      <component name="masterDetails">
        <states>
          <state key="ProjectJDKs.UI">
            <settings>
              <last-edited>1.8</last-edited>
              <splitter-proportions>
                <option name="proportions">
                  <list>
                    <option value="0.2" />
                  </list>
                </option>
              </splitter-proportions>
            </settings>
          </state>
        </states>
      </component>
    </defaultProject>
  </component>
</application>